,matricula,situacao,ano,turma
0,20170031910,REPROVADO,2017.2,04B
1,2015013555,REPROVADO,2017.2,04B
2,2015012431,APROVADO POR NOTA,2017.2,04B
3,20160107569,REPROVADO,2017.2,04B
4,20170042735,APROVADO,2017.2,04B
5,20170010670,APROVADO,2017.2,04B
6,20170040955,APROVADO,2017.2,04B
7,20170003559,APROVADO POR NOTA,2017.2,04B
8,20170038812,APROVADO,2017.2,04B
9,20170037575,APROVADO POR NOTA,2017.2,04B
10,20160130567,REPROVADO,2017.2,04B
11,20170035570,REPROVADO,2017.2,04B
12,20170040919,APROVADO,2017.2,04B
13,2014085086,REPROVADO,2017.2,03C
14,20160132220,REPROVADO,2017.2,03C
15,20170036578,APROVADO,2017.2,03C
16,20160142497,REPROVADO,2017.2,03C
17,20170037379,REPROVADO,2017.2,03C
18,2016097101,APROVADO POR NOTA,2017.2,03C
19,20160108520,REPROVADO,2017.2,03C
20,20160107184,APROVADO,2017.2,03C
21,20160142011,REPROVADO POR MÉDIA E POR FALTAS,2017.2,03C
22,20170037790,APROVADO,2017.2,03C
23,2015001788,APROVADO POR NOTA,2017.2,03C
24,20160141847,REPROVADO,2017.2,03C
25,20170040356,REPROVADO,2017.2,03C
26,2015001124,REPROVADO,2017.2,03C
27,20160142441,APROVADO,2017.2,03C
28,20160158076,APROVADO POR NOTA,2017.2,03C
29,20170042931,APROVADO POR NOTA,2017.2,03C
30,2015017410,REPROVADO POR MÉDIA E POR FALTAS,2017.2,03C
31,20170030690,APROVADO POR NOTA,2017.2,01B
32,20170033772,APROVADO,2017.2,01B
33,20170035310,APROVADO POR NOTA,2017.2,01B
34,20170038133,REPROVADO,2017.2,01B
35,20170038699,APROVADO POR NOTA,2017.2,01B
36,20170033057,APROVADO,2017.2,01B
37,20170001812,APROVADO,2017.2,01B
38,20170043133,APROVADO,2017.2,01B
39,20170034976,APROVADO,2017.2,01B
40,20170035632,APROVADO,2017.2,01B
41,20170033478,APROVADO POR NOTA,2017.2,01B
42,20170033093,APROVADO,2017.2,01B
43,20170035356,APROVADO,2017.2,01B
44,20170038311,APROVADO,2017.2,01B
45,20170102735,APROVADO,2017.2,01B
46,20170033950,APROVADO,2017.2,01B
47,20170030832,APROVADO,2017.2,01B
48,20170031393,REPROVADO,2017.2,01B
49,20170041219,APROVADO,2017.2,01B
50,20170043590,APROVADO POR NOTA,2017.2,01B
51,20170038993,APROVADO,2017.2,01B
52,20170035211,APROVADO,2017.2,01B
53,20170043394,APROVADO,2017.2,01B
54,2014096268,REPROVADO POR MÉDIA E POR FALTAS,2017.2,01B
55,20170031419,APROVADO,2017.2,01B
56,20170099110,APROVADO POR NOTA,2017.2,01B
57,20170038394,APROVADO POR NOTA,2017.2,01B
58,2015014276,REPROVADO POR MÉDIA E POR FALTAS,2017.2,01B
59,20160143251,REPROVADO,2017.2,01B
60,20160146235,REPROVADO,2017.2,04C
61,2014098502,APROVADO,2017.2,04C
62,20170037833,APROVADO,2017.2,04C
63,20170031974,APROVADO,2017.2,04C
64,2015091210,REPROVADO,2017.2,04C
65,20170032757,APROVADO,2017.2,04C
66,20170039337,REPROVADO,2017.2,04C
67,20170031778,REPROVADO,2017.2,04C
68,20170044533,REPROVADO,2017.2,04C
69,20170032210,REPROVADO,2017.2,04C
70,20170045058,REPROVADO,2017.2,04C
71,20170039079,REPROVADO,2017.2,04C
72,20170040777,REPROVADO,2017.2,04C
73,20160153599,APROVADO POR NOTA,2017.2,04C
74,20170031277,REPROVADO,2017.2,04C
75,20170101890,APROVADO POR NOTA,2017.2,04C
76,20170036890,APROVADO,2017.2,04C
77,20160141730,APROVADO POR NOTA,2017.2,04C
78,20170040712,APROVADO,2017.2,04A
79,20170037477,REPROVADO,2017.2,04A
80,20170041836,APROVADO,2017.2,04A
81,2016012919,APROVADO POR NOTA,2017.2,04A
82,20170035196,APROVADO POR NOTA,2017.2,04A
83,2016096445,APROVADO,2017.2,04A
84,20170041077,APROVADO,2017.2,04A
85,20170039490,APROVADO POR NOTA,2017.2,04A
86,20170037539,REPROVADO,2017.2,04A
87,20170031590,APROVADO,2017.2,04A
88,20170042619,APROVADO,2017.2,04A
89,20170031375,APROVADO,2017.2,04A
90,20170032372,REPROVADO,2017.2,04A
91,20170034475,APROVADO,2017.2,04A
92,20170031099,APROVADO,2017.2,04A
93,20160111060,REPROVADO,2017.2,02C
94,20170030799,APROVADO,2017.2,02C
95,20170030458,APROVADO,2017.2,02C
96,20170034072,APROVADO,2017.2,02C
97,20170033899,APROVADO,2017.2,02C
98,20170033511,APROVADO,2017.2,02C
99,2015007932,REPROVADO,2017.2,02C
100,20170031034,APROVADO POR NOTA,2017.2,02C
101,20170031070,APROVADO,2017.2,02C
102,2015094491,APROVADO,2017.2,02C
103,20170031876,APROVADO,2017.2,02C
104,20160142085,REPROVADO,2017.2,02C
105,20170030995,REPROVADO,2017.2,02C
106,20170033638,REPROVADO POR NOTA,2017.2,02C
107,20170041792,REPROVADO,2017.2,02C
108,20170035113,APROVADO,2017.2,02C
109,2015007960,APROVADO POR NOTA,2017.2,02C
110,20170030959,REPROVADO,2017.2,02C
111,20170030734,APROVADO POR NOTA,2017.2,02C
112,20170031197,REPROVADO,2017.2,02C
113,20170034457,APROVADO,2017.2,02C
114,20170032078,APROVADO,2017.2,02C
115,20170036059,REPROVADO,2017.2,02C
116,20170095176,APROVADO,2017.2,02C
117,20170003414,APROVADO,2017.2,01C
118,20170030494,REPROVADO,2017.2,01C
119,20170030476,APROVADO,2017.2,01C
120,20170034519,APROVADO POR NOTA,2017.2,01C
121,20170042154,APROVADO,2017.2,01C
122,2016091467,REPROVADO,2017.2,01C
123,20170032935,APROVADO,2017.2,01C
124,20160107881,REPROVADO,2017.2,01C
125,20170032013,REPROVADO POR MÉDIA E POR FALTAS,2017.2,01C
126,20170030618,APROVADO,2017.2,01C
127,2015007950,APROVADO POR NOTA,2017.2,01C
128,2016012454,REPROVADO,2017.2,01C
129,2015092352,REPROVADO,2017.2,01C
130,20170038035,APROVADO,2017.2,01C
131,20170034994,APROVADO,2017.2,01C
132,20170036012,REPROVADO,2017.2,01C
133,20170038590,REPROVADO,2017.2,01C
134,20160108261,APROVADO POR NOTA,2017.2,01C
135,2014085219,REPROVADO,2017.2,01C
136,2016017110,APROVADO POR NOTA,2017.2,01C
137,2016017497,APROVADO,2017.2,05C
138,2016022290,REPROVADO,2017.2,05C
139,20150127110,REPROVADO,2017.2,05C
140,20170041970,APROVADO,2017.2,05C
141,20160146342,REPROVADO,2017.2,05C
142,2016091968,APROVADO POR NOTA,2017.2,05C
143,2016021373,REPROVADO,2017.2,05C
144,20150126239,REPROVADO,2017.2,05C
145,20160142020,REPROVADO,2017.2,05C
146,2016099886,APROVADO,2017.2,05C
147,20160158488,APROVADO POR NOTA,2017.2,05C
148,20160142639,REPROVADO,2017.2,05C
149,20170041433,REPROVADO,2017.2,05C
150,20160142399,APROVADO POR NOTA,2017.2,05C
151,20170043151,REPROVADO,2017.2,05C
152,20160106946,REPROVADO,2017.2,05C
153,20160143171,REPROVADO,2017.2,05C
154,20160159224,REPROVADO,2017.2,05C
155,2016022559,REPROVADO,2017.2,05C
156,20170039838,REPROVADO,2017.2,05C
157,20160107120,REPROVADO,2017.2,05C
158,20160158423,REPROVADO,2017.2,05C
159,20170100857,REPROVADO,2017.2,05C
160,20160141865,REPROVADO,2017.2,05C
161,20170040893,APROVADO POR NOTA,2017.2,05D
162,20170045254,APROVADO,2017.2,05D
163,20160146370,REPROVADO POR NOTA,2017.2,05D
164,2016021515,APROVADO,2017.2,05D
165,20170035098,APROVADO POR NOTA,2017.2,05D
166,20160142746,APROVADO POR NOTA,2017.2,05D
167,2016018313,APROVADO POR NOTA,2017.2,05D
168,20150127094,APROVADO POR NOTA,2017.2,05D
169,20170031992,APROVADO,2017.2,05D
170,20170044195,APROVADO POR NOTA,2017.2,05D
171,20160146450,REPROVADO,2017.2,05D
172,20170040015,APROVADO,2017.2,05D
173,2016016570,REPROVADO,2017.2,05D
174,20160108762,REPROVADO,2017.2,05D
175,20170035033,APROVADO,2017.2,05D
176,2016013676,APROVADO POR NOTA,2017.2,05D
177,20170035875,APROVADO POR NOTA,2017.2,05D
178,20160143350,APROVADO POR NOTA,2017.2,05D
179,20160143289,REPROVADO,2017.2,05D
180,20160108207,REPROVADO,2017.2,05D
181,20170032434,REPROVADO,2017.2,05D
182,20170031651,APROVADO,2017.2,05D
183,20170032416,APROVADO POR NOTA,2017.2,05D
184,20170031830,APROVADO,2017.2,05D
185,20170032990,APROVADO POR NOTA,2017.2,05D
186,20170139029,REPROVADO,2017.2,05D
187,20170042092,REPROVADO,2017.2,01D
188,20170035697,APROVADO,2017.2,01D
189,20170034330,REPROVADO,2017.2,01D
190,20170034878,APROVADO,2017.2,01D
191,20170095873,APROVADO POR NOTA,2017.2,01D
192,20170036219,APROVADO,2017.2,01D
193,20170040552,APROVADO POR NOTA,2017.2,01D
194,20170030556,APROVADO,2017.2,01D
195,20170033235,APROVADO POR NOTA,2017.2,01D
196,20170043035,APROVADO,2017.2,01D
197,20170095579,APROVADO,2017.2,01D
198,20170033039,APROVADO POR NOTA,2017.2,01D
199,20170039810,APROVADO POR NOTA,2017.2,01D
200,20170031295,APROVADO POR NOTA,2017.2,01D
201,20170032096,APROVADO,2017.2,01D
202,20160108940,REPROVADO,2017.2,01D
203,20170031052,APROVADO,2017.2,01D
204,20170097617,REPROVADO POR MÉDIA E POR FALTAS,2017.2,01D
205,20170033496,REPROVADO,2017.2,01D
206,20170102753,APROVADO POR NOTA,2017.2,01D
207,20170035777,APROVADO POR NOTA,2017.2,01D
208,20170034573,REPROVADO,2017.2,01D
209,20170044177,APROVADO,2017.2,01D
210,20170044650,REPROVADO,2017.2,01D
211,20160108889,REPROVADO,2017.2,01D
212,20170044097,APROVADO POR NOTA,2017.2,01D
213,2016014575,APROVADO,2017.2,01D
214,2014084928,REPROVADO,2017.2,05A
215,20170040697,REPROVADO,2017.2,05A
216,20160142648,APROVADO POR NOTA,2017.2,05A
217,20160143690,REPROVADO,2017.2,05A
218,20170031535,APROVADO,2017.2,05A
219,20170040310,APROVADO POR NOTA,2017.2,05A
220,2016017272,REPROVADO,2017.2,05A
221,20160143770,REPROVADO,2017.2,05A
222,20160143313,REPROVADO,2017.2,05A
223,2016099465,REPROVADO,2017.2,05A
224,20160106768,REPROVADO,2017.2,05A
225,20160107504,REPROVADO,2017.2,05A
226,20160108501,REPROVADO,2017.2,05A
227,20160107424,REPROVADO,2017.2,05A
228,20160143091,APROVADO POR NOTA,2017.2,05A
229,2016014477,REPROVADO,2017.2,05A
230,2016012810,REPROVADO,2017.2,05A
231,20170031517,APROVADO,2017.2,05A
232,20170035730,APROVADO,2017.2,05A
233,20170032550,APROVADO,2017.2,05A
234,20160108181,REPROVADO,2017.2,05A
235,20170032710,APROVADO,2017.2,05A
236,20170034279,APROVADO POR NOTA,2017.2,05A
237,2016022719,REPROVADO,2017.2,05A
238,2014057018,REPROVADO,2017.2,05A
239,2016021776,APROVADO,2017.2,02B
240,2016090183,REPROVADO,2017.2,02B
241,20170030538,APROVADO,2017.2,02B
242,20170042637,APROVADO POR NOTA,2017.2,02B
243,20170041390,APROVADO,2017.2,02B
244,20170039776,APROVADO,2017.2,02B
245,20170035070,APROVADO,2017.2,02B
246,20170030636,APROVADO,2017.2,02B
247,20170042252,APROVADO,2017.2,02B
248,20170032953,APROVADO POR NOTA,2017.2,02B
249,20170040258,APROVADO,2017.2,02B
250,20170037136,APROVADO,2017.2,02B
251,20170039551,REPROVADO,2017.2,02B
252,20170031179,APROVADO,2017.2,02B
253,20170040454,APROVADO,2017.2,02B
254,20170036110,APROVADO,2017.2,02B
255,20170038053,APROVADO,2017.2,02B
256,20170036792,REPROVADO,2017.2,02B
257,20170030770,APROVADO,2017.2,02B
258,20170011130,REPROVADO,2017.2,02B
259,20170044373,APROVADO,2017.2,02B
260,20170038213,APROVADO,2017.2,02B
261,2016017719,REPROVADO,2017.2,02B
262,20170037898,APROVADO,2017.2,02B
263,2016097424,REPROVADO,2017.2,02B
264,20170034214,APROVADO,2017.2,02B
265,20170032292,REPROVADO,2017.2,03B
266,20170037332,REPROVADO,2017.2,03B
267,20170034493,REPROVADO,2017.2,03B
268,20170106476,REPROVADO POR MÉDIA E POR FALTAS,2017.2,03B
269,20160100853,REPROVADO POR MÉDIA E POR FALTAS,2017.2,03B
270,2014066278,APROVADO,2017.2,03B
271,20170036916,REPROVADO,2017.2,03B
272,20170039435,APROVADO,2017.2,03B
273,20170038732,REPROVADO,2017.2,03B
274,20170039954,APROVADO,2017.2,03B
275,20170040276,REPROVADO,2017.2,03B
276,2014097363,APROVADO POR NOTA,2017.2,03B
277,2016021355,APROVADO POR NOTA,2017.2,03B
278,20170037655,REPROVADO,2017.2,03B
279,20170042495,REPROVADO,2017.2,03B
280,20160107783,REPROVADO POR MÉDIA E POR FALTAS,2017.2,03B
281,2016094923,REPROVADO,2017.2,03B
282,2016019197,REPROVADO,2017.2,03B
283,2014096393,REPROVADO POR MÉDIA E POR FALTAS,2017.2,03B
284,20170041110,REPROVADO POR MÉDIA E POR FALTAS,2017.2,03B
285,2015093879,REPROVADO POR MÉDIA E POR FALTAS,2017.2,03B
286,20170036872,APROVADO,2017.2,01A
287,20170044776,APROVADO POR NOTA,2017.2,01A
288,20170038797,APROVADO,2017.2,01A
289,20170039972,APROVADO POR NOTA,2017.2,01A
290,20170109100,APROVADO,2017.2,01A
291,20170097537,APROVADO,2017.2,01A
292,20170043939,APROVADO,2017.2,01A
293,20170044711,APROVADO,2017.2,01A
294,20170032274,APROVADO,2017.2,01A
295,20170036390,APROVADO,2017.2,01A
296,20170044130,APROVADO POR NOTA,2017.2,01A
297,20170037234,APROVADO,2017.2,01A
298,20170039453,APROVADO,2017.2,01A
299,20170036513,APROVADO POR NOTA,2017.2,01A
300,20170042314,APROVADO,2017.2,01A
301,20170106538,APROVADO,2017.2,01A
302,20170042332,REPROVADO,2017.2,01A
303,20170031698,APROVADO POR NOTA,2017.2,01A
304,20170034555,APROVADO,2017.2,01A
305,20170032238,APROVADO,2017.2,01A
306,20170096736,APROVADO POR NOTA,2017.2,01A
307,20170097214,APROVADO,2017.2,01A
308,20170095050,APROVADO,2017.2,01A
309,20170031473,APROVADO,2017.2,01A
310,20170041291,APROVADO,2017.2,01A
311,2015092933,APROVADO POR NOTA,2017.2,01A
312,20170033674,APROVADO,2017.2,01A
313,20170033290,APROVADO,2017.2,02A
314,20170045218,APROVADO POR NOTA,2017.2,02A
315,20170041335,APROVADO POR NOTA,2017.2,02A
316,20170033997,APROVADO,2017.2,02A
317,20160106688,APROVADO POR NOTA,2017.2,02A
318,20170101792,APROVADO POR NOTA,2017.2,02A
319,2016097809,REPROVADO,2017.2,02A
320,20170038474,APROVADO,2017.2,02A
321,2016020090,REPROVADO,2017.2,02A
322,20170043071,APROVADO POR NOTA,2017.2,02A
323,20170041710,REPROVADO,2017.2,02A
324,20170036738,APROVADO,2017.2,02A
325,20170038151,APROVADO,2017.2,02A
326,20170038554,APROVADO,2017.2,02A
327,20170032194,APROVADO,2017.2,02A
328,20170036630,APROVADO POR NOTA,2017.2,02A
329,20160142165,REPROVADO,2017.2,02A
330,2016015634,APROVADO POR NOTA,2017.2,02A
331,20170036694,APROVADO POR NOTA,2017.2,02A
332,20160112685,REPROVADO,2017.2,02A
333,2016020456,REPROVADO,2017.2,02A
334,20170153298,APROVADO,2017.2,02A
335,20170034896,APROVADO,2017.2,02A
336,20160154139,REPROVADO POR MÉDIA E POR FALTAS,2017.2,03D
337,20170043536,APROVADO,2017.2,03D
338,20160159144,APROVADO,2017.2,03D
339,2014084786,REPROVADO POR MÉDIA E POR FALTAS,2017.2,03D
340,20170041498,APROVADO,2017.2,03D
341,20170042673,REPROVADO POR MÉDIA E POR FALTAS,2017.2,03D
342,20150125483,APROVADO POR NOTA,2017.2,03D
343,20170035338,APROVADO POR NOTA,2017.2,03D
344,2014081668,APROVADO POR NOTA,2017.2,03D
345,20170095659,APROVADO POR NOTA,2017.2,03D
346,20170039239,APROVADO POR NOTA,2017.2,03D
347,20160142290,REPROVADO,2017.2,03D
348,2015020756,APROVADO POR NOTA,2017.2,02D
349,20170033398,APROVADO,2017.2,02D
350,20170031455,APROVADO,2017.2,02D
351,20170002097,APROVADO,2017.2,02D
352,2016015438,APROVADO POR NOTA,2017.2,02D
353,20170034134,APROVADO POR NOTA,2017.2,02D
354,20170036596,APROVADO POR NOTA,2017.2,02D
355,20170041952,APROVADO,2017.2,02D
356,20170031339,APROVADO,2017.2,02D
357,20160108360,APROVADO,2017.2,02D
358,20170099193,APROVADO POR NOTA,2017.2,02D
359,20160146191,REPROVADO,2017.2,02D
360,20170030977,APROVADO,2017.2,02D
361,20150126130,REPROVADO,2017.2,02D
362,20170034410,APROVADO,2017.2,02D
363,20170034395,REPROVADO,2017.2,02D
364,20170035150,APROVADO,2017.2,02D
365,20170043714,REPROVADO,2017.2,04D
366,20150131865,REPROVADO,2017.2,04D
367,2016017577,REPROVADO,2017.2,04D
368,20160143304,APROVADO POR NOTA,2017.2,04D
369,20170039758,REPROVADO,2017.2,04D
370,20160143340,APROVADO POR NOTA,2017.2,04D
371,20160107649,REPROVADO,2017.2,04D
372,20170032176,APROVADO,2017.2,04D
373,20170037950,APROVADO,2017.2,04D
374,20170038376,APROVADO,2017.2,04D
375,20160143832,REPROVADO,2017.2,04D
376,2016097620,REPROVADO,2017.2,04D
377,20160108904,REPROVADO,2017.2,04D
378,20150139550,REPROVADO,2017.2,04D
379,20170095013,REPROVADO,2017.2,04D
380,2016098000,REPROVADO,2017.2,04D
381,20160142835,REPROVADO,2017.2,04D
382,2016097406,REPROVADO,2017.2,04D
383,20170043017,APROVADO,2017.2,04D
384,20170149034,APROVADO POR NOTA,2017.2,04D
385,20170031713,REPROVADO,2017.2,04D
386,2014096900,REPROVADO,2017.2,04D
387,20170037495,APROVADO,2017.2,04D
388,20170045352,REPROVADO,2017.2,04D
389,20170095210,APROVADO POR NOTA,2017.2,03A
390,20170038358,APROVADO,2017.2,03A
391,20170033932,APROVADO,2017.2,03A
392,20170033816,APROVADO,2017.2,03A
393,20160107148,REPROVADO,2017.2,03A
394,20170031310,APROVADO,2017.2,03A
395,2015016172,APROVADO POR NOTA,2017.2,03A
396,20170036030,APROVADO POR NOTA,2017.2,03A
397,2016090666,REPROVADO POR MÉDIA E POR FALTAS,2017.2,03A
398,20170039210,APROVADO,2017.2,03A
399,20170040338,APROVADO,2017.2,03A
400,20170035516,APROVADO,2017.2,03A
401,20170043358,APROVADO POR NOTA,2017.2,03A
402,2012927879,REPROVADO,2017.2,03A
403,20170036335,APROVADO,2017.2,03A
404,2016010119,REPROVADO,2017.2,03A
405,2013064036,REPROVADO,2017.2,05B
406,2016011279,APROVADO POR NOTA,2017.2,05B
407,20170031670,REPROVADO,2017.2,05B
408,2016099222,APROVADO POR NOTA,2017.2,05B
409,20170042270,APROVADO POR NOTA,2017.2,05B
410,20150127835,REPROVADO,2017.2,05B
411,20160143814,REPROVADO,2017.2,05B
412,20170039598,REPROVADO,2017.2,05B
413,2016022530,REPROVADO,2017.2,05B
414,2016015993,REPROVADO,2017.2,05B
415,20160143627,REPROVADO,2017.2,05B
416,20170038670,APROVADO POR NOTA,2017.2,05B
417,20170146918,REPROVADO,2017.2,05B
418,20170107455,APROVADO,2017.2,05B
419,20160143387,REPROVADO,2017.2,05B
420,20170034054,APROVADO,2017.2,05B
421,20160158503,REPROVADO,2017.2,05B
422,20170037637,APROVADO,2017.2,05B
423,20160142352,REPROVADO,2017.2,05B
424,20170044490,APROVADO POR NOTA,2017.2,05B
425,20160108000,REPROVADO,2017.2,05B
426,2016015699,REPROVADO,2017.2,05B
427,20170035919,REPROVADO,2017.2,05B
428,20160107980,REPROVADO POR NOTA,2017.2,05B
429,20160142530,APROVADO POR NOTA,2017.2,05B
430,20170153233,REPROVADO,2017.2,05B
431,2016010478,REPROVADO,2017.2,05B
432,20160143171,REPROVADO,2018.1,05C
433,20150125394,APROVADO POR NOTA,2018.1,05C
434,20160107569,REPROVADO,2018.1,05C
435,20170115706,APROVADO,2018.1,05C
436,20170115887,APROVADO POR NOTA,2018.1,05C
437,20170115582,REPROVADO,2018.1,05C
438,20170118388,APROVADO POR NOTA,2018.1,05C
439,20170138110,APROVADO POR NOTA,2018.1,05C
440,2016093120,REPROVADO,2018.1,05C
441,20170035258,APROVADO,2018.1,05C
442,20170039337,APROVADO POR NOTA,2018.1,05C
443,20170036854,REPROVADO,2018.1,05C
444,20160143841,REPROVADO,2018.1,05C
445,20170002490,APROVADO POR NOTA,2018.1,05C
446,20170117246,APROVADO,2018.1,05C
447,2016022497,REPROVADO,2018.1,05C
448,20170031894,REPROVADO,2018.1,05C
449,20170043151,REPROVADO,2018.1,05C
450,20170138317,APROVADO POR NOTA,2018.1,05C
451,20170139252,REPROVADO,2018.1,05C
452,20170117442,REPROVADO,2018.1,05C
453,20170139397,REPROVADO,2018.1,05C
454,20160146861,REPROVADO,2018.1,05C
455,20170117747,APROVADO,2018.1,05C
456,20160143770,REPROVADO,2018.1,05C
457,20170045058,APROVADO POR NOTA,2018.1,05C
458,20170040516,REPROVADO,2018.1,05C
459,20170117863,APROVADO,2018.1,05C
460,20170044112,REPROVADO,2018.1,05C
461,20170147334,APROVADO,2018.1,02D
462,20170147488,REPROVADO,2018.1,02D
463,20170044810,REPROVADO,2018.1,02D
464,20170040650,APROVADO POR NOTA,2018.1,02D
465,20170032013,APROVADO,2018.1,02D
466,20170115680,APROVADO,2018.1,02D
467,20170043492,APROVADO,2018.1,02D
468,20170137919,APROVADO,2018.1,02D
469,2016012795,APROVADO,2018.1,02D
470,2016012759,APROVADO POR NOTA,2018.1,02D
471,2016022110,APROVADO POR NOTA,2018.1,02D
472,20170042815,APROVADO,2018.1,02D
473,20170030959,APROVADO,2018.1,02D
474,20170138630,REPROVADO,2018.1,02D
475,2016097620,APROVADO,2018.1,02D
476,20170033558,REPROVADO,2018.1,02D
477,20170037350,REPROVADO,2018.1,02D
478,20170183297,REPROVADO,2018.1,02D
479,20170183260,APROVADO,2018.1,01B
480,20170116768,APROVADO,2018.1,01B
481,20170031132,APROVADO,2018.1,01B
482,20170138611,APROVADO POR NOTA,2018.1,01B
483,20170137660,APROVADO,2018.1,01B
484,20170115260,APROVADO,2018.1,01B
485,20170138326,APROVADO,2018.1,01B
486,20170138228,APROVADO POR NOTA,2018.1,01B
487,20170114683,APROVADO,2018.1,01B
488,20170137946,APROVADO POR NOTA,2018.1,01B
489,20170137893,APROVADO POR NOTA,2018.1,01B
490,20170117587,REPROVADO,2018.1,01B
491,20170147399,REPROVADO,2018.1,01B
492,20170115564,APROVADO,2018.1,01B
493,20170137740,APROVADO POR NOTA,2018.1,01B
494,20170030879,APROVADO POR NOTA,2018.1,01B
495,20170116605,APROVADO POR NOTA,2018.1,01B
496,20170117907,APROVADO,2018.1,01B
497,20170040418,APROVADO,2018.1,01B
498,20170117961,APROVADO,2018.1,01B
499,20170035810,APROVADO,2018.1,01B
500,20170042510,APROVADO POR NOTA,2018.1,01B
501,20170114843,APROVADO,2018.1,01B
502,20170118000,APROVADO,2018.1,01B
503,2015018515,REPROVADO POR MÉDIA E POR FALTAS,2018.1,01B
504,20170137982,REPROVADO,2018.1,05B
505,20170011102,APROVADO,2018.1,05B
506,20170116964,APROVADO,2018.1,05B
507,20170038250,APROVADO POR NOTA,2018.1,05B
508,20170118207,REPROVADO,2018.1,05B
509,20160143609,REPROVADO,2018.1,05B
510,20170117522,APROVADO,2018.1,05B
511,20170138980,APROVADO,2018.1,05B
512,20170178804,APROVADO,2018.1,05B
513,20170115223,REPROVADO,2018.1,05B
514,20170117569,REPROVADO,2018.1,05B
515,2016013077,APROVADO POR NOTA,2018.1,05B
516,20170183368,REPROVADO,2018.1,05B
517,20170138415,APROVADO,2018.1,05B
518,20170030912,APROVADO POR NOTA,2018.1,05B
519,20170037655,APROVADO,2018.1,05B
520,20170117326,APROVADO,2018.1,05B
521,20160142835,APROVADO POR NOTA,2018.1,05B
522,20170115840,REPROVADO,2018.1,05B
523,20170138246,APROVADO,2018.1,05B
524,20150126865,APROVADO POR NOTA,2018.1,05B
525,20170039598,APROVADO POR NOTA,2018.1,05B
526,20170138344,APROVADO,2018.1,05B
527,20170118440,REPROVADO,2018.1,05B
528,20170033413,REPROVADO,2018.1,05B
529,20170100857,REPROVADO,2018.1,05B
530,20170038779,APROVADO POR NOTA,2018.1,05B
531,20170040777,REPROVADO,2018.1,05B
532,20170148716,REPROVADO,2018.1,05B
533,20180008011,APROVADO,2018.1,05B
534,20150122570,APROVADO,2018.1,04C
535,20160158192,APROVADO POR NOTA,2018.1,04C
536,20170116383,APROVADO POR NOTA,2018.1,04C
537,20170035276,APROVADO POR NOTA,2018.1,04C
538,20170031670,APROVADO POR NOTA,2018.1,04C
539,20170133811,REPROVADO,2018.1,04C
540,20170041872,APROVADO POR NOTA,2018.1,04C
541,20170133698,REPROVADO,2018.1,04C
542,2015013090,REPROVADO,2018.1,04C
543,2015094894,REPROVADO,2018.1,04C
544,20160158423,APROVADO POR NOTA,2018.1,04C
545,20160109044,APROVADO POR NOTA,2018.1,04C
546,20170045352,REPROVADO,2018.1,04C
547,2015093510,APROVADO POR NOTA,2018.1,04C
548,20160109062,REPROVADO,2018.1,04C
549,20170138881,APROVADO POR NOTA,2018.1,04C
550,20160142020,APROVADO,2018.1,04C
551,2016092007,REPROVADO,2018.1,04C
552,20160154139,REPROVADO,2018.1,04C
553,20170041433,REPROVADO,2018.1,04C
554,2014096268,REPROVADO,2018.1,04C
555,20170148242,REPROVADO,2018.1,04C
556,20160146235,APROVADO POR NOTA,2018.1,05D
557,20170037190,REPROVADO,2018.1,05D
558,20170139234,REPROVADO,2018.1,05D
559,20160158530,REPROVADO,2018.1,05D
560,20170043975,REPROVADO,2018.1,05D
561,2016019197,REPROVADO,2018.1,05D
562,20170039079,APROVADO POR NOTA,2018.1,05D
563,20170137650,APROVADO,2018.1,05D
564,2014096375,APROVADO POR NOTA,2018.1,05D
565,20170139323,REPROVADO,2018.1,05D
566,20170102154,REPROVADO,2018.1,05D
567,2015002408,REPROVADO,2018.1,05D
568,2016018814,REPROVADO,2018.1,05D
569,20170138756,APROVADO POR NOTA,2018.1,05D
570,2016020090,APROVADO,2018.1,05D
571,20170041110,REPROVADO,2018.1,05D
572,20170101470,APROVADO,2018.1,05D
573,20170032499,APROVADO,2018.1,05D
574,2015082169,REPROVADO,2018.1,05D
575,20170035712,APROVADO POR NOTA,2018.1,05D
576,20170116104,APROVADO,2018.1,05D
577,2016021856,APROVADO POR NOTA,2018.1,05D
578,20170034297,APROVADO,2018.1,05D
579,20170116220,REPROVADO,2018.1,05D
580,20170040991,APROVADO POR NOTA,2018.1,05D
581,2012927879,REPROVADO,2018.1,05D
582,20170118127,APROVADO POR NOTA,2018.1,05D
583,20170044936,APROVADO,2018.1,05D
584,20170037771,APROVADO POR NOTA,2018.1,05D
585,20170182997,APROVADO POR NOTA,2018.1,02C
586,20170043518,APROVADO,2018.1,02C
587,20170037870,APROVADO,2018.1,02C
588,20170118421,REPROVADO,2018.1,02C
589,20170183134,APROVADO POR NOTA,2018.1,02C
590,20170183170,APROVADO POR NOTA,2018.1,02C
591,20170033075,REPROVADO,2018.1,02C
592,20170117620,APROVADO,2018.1,02C
593,20170183205,APROVADO,2018.1,02C
594,20170115484,APROVADO POR NOTA,2018.1,02C
595,20170138003,APROVADO POR NOTA,2018.1,02C
596,20170147361,APROVADO POR NOTA,2018.1,02C
597,20170183027,REPROVADO,2018.1,02C
598,20160142620,REPROVADO POR MÉDIA E POR FALTAS,2018.1,02C
599,20170039319,REPROVADO,2018.1,02C
600,20170117380,APROVADO,2018.1,02C
601,20170138442,REPROVADO,2018.1,02C
602,20170042299,APROVADO POR NOTA,2018.1,02C
603,20170039918,APROVADO,2018.1,02C
604,20170118243,REPROVADO,2018.1,02C
605,20180031913,APROVADO,2018.1,02C
606,20170138550,REPROVADO,2018.1,03A
607,20170032532,APROVADO,2018.1,03A
608,20170036175,REPROVADO,2018.1,03A
609,20170045290,APROVADO,2018.1,03A
610,20170118280,APROVADO POR NOTA,2018.1,03A
611,20170033656,REPROVADO,2018.1,03A
612,20170036059,REPROVADO,2018.1,03A
613,20170034850,REPROVADO POR MÉDIA E POR FALTAS,2018.1,03A
614,20170118047,REPROVADO,2018.1,03A
615,20170138200,APROVADO,2018.1,03A
616,20170037056,REPROVADO,2018.1,03A
617,20170038732,APROVADO,2018.1,03A
618,20160142684,APROVADO POR NOTA,2018.1,03A
619,2016098440,REPROVADO POR MÉDIA E POR FALTAS,2018.1,03A
620,20170137973,REPROVADO POR MÉDIA E POR FALTAS,2018.1,03A
621,20170034537,APROVADO POR NOTA,2018.1,03A
622,20170147290,APROVADO POR NOTA,2018.1,03A
623,20170039112,APROVADO,2018.1,03A
624,20170115081,APROVADO,2018.1,03A
625,20160142521,REPROVADO POR MÉDIA E POR FALTAS,2018.1,03A
626,20170031357,APROVADO POR NOTA,2018.1,03A
627,20150126631,APROVADO POR NOTA,2018.1,03A
628,2015010295,REPROVADO POR MÉDIA E POR FALTAS,2018.1,03A
629,2016097424,REPROVADO,2018.1,02B
630,2016018995,APROVADO,2018.1,02B
631,20170118360,APROVADO,2018.1,02B
632,20180088012,REPROVADO POR MÉDIA E POR FALTAS,2018.1,02B
633,20170043812,APROVADO POR NOTA,2018.1,02B
634,2015011210,APROVADO,2018.1,02B
635,20160146191,APROVADO POR NOTA,2018.1,02B
636,20170138498,APROVADO,2018.1,04B
637,20170137900,APROVADO,2018.1,04B
638,20170139305,APROVADO POR NOTA,2018.1,04B
639,2016017719,APROVADO POR NOTA,2018.1,04B
640,20170032579,APROVADO,2018.1,04B
641,20170138282,APROVADO POR NOTA,2018.1,04B
642,20170147263,REPROVADO,2018.1,04B
643,20170138120,REPROVADO,2018.1,04B
644,20170115822,APROVADO POR NOTA,2018.1,04B
645,20170042851,APROVADO,2018.1,04B
646,20170117264,APROVADO,2018.1,04B
647,20170139486,APROVADO POR NOTA,2018.1,04B
648,2015012692,REPROVADO,2018.1,04B
649,20170115500,REPROVADO,2018.1,04B
650,20170137703,REPROVADO,2018.1,04B
651,2013091285,REPROVADO,2018.1,04B
652,20170116703,APROVADO POR NOTA,2018.1,04B
653,20170117943,APROVADO,2018.1,04B
654,20160107980,APROVADO POR NOTA,2018.1,04B
655,20160132409,REPROVADO,2018.1,04B
656,20160143251,APROVADO POR NOTA,2018.1,04B
657,20180039493,REPROVADO,2018.1,04B
658,2016021570,REPROVADO,2018.1,04B
659,20170137697,APROVADO POR NOTA,2018.1,04B
660,20160143369,REPROVADO,2018.1,04B
661,20150126936,REPROVADO,2018.1,04B
662,2015093654,REPROVADO,2018.1,04B
663,20180037452,APROVADO,2018.1,04B
664,2016010119,REPROVADO,2018.1,04B
665,20170041738,REPROVADO,2018.1,04B
666,20170116982,APROVADO POR NOTA,2018.1,01A
667,20170045138,APROVADO,2018.1,01A
668,20170040356,REPROVADO,2018.1,01A
669,20170183223,APROVADO POR NOTA,2018.1,01A
670,20170116122,APROVADO POR NOTA,2018.1,01A
671,20170106476,APROVADO,2018.1,01A
672,20170038017,APROVADO,2018.1,01A
673,20150126130,APROVADO,2018.1,01A
674,20170183161,APROVADO POR NOTA,2018.1,01A
675,20170138406,APROVADO,2018.1,01A
676,20170031016,APROVADO POR NOTA,2018.1,01A
677,2016053573,REPROVADO,2018.1,01A
678,2015011775,REPROVADO POR MÉDIA E POR FALTAS,2018.1,01A
679,20170032336,REPROVADO,2018.1,01A
680,20170038410,APROVADO POR NOTA,2018.1,01A
681,20170036792,REPROVADO,2018.1,01A
682,20170137759,APROVADO POR NOTA,2018.1,01A
683,20170041531,APROVADO POR NOTA,2018.1,01A
684,20170147325,REPROVADO,2018.1,01A
685,20170037332,APROVADO POR NOTA,2018.1,01A
686,20160108904,APROVADO,2018.1,01A
687,20170138961,REPROVADO,2018.1,05A
688,20170033979,REPROVADO,2018.1,05A
689,20170139510,REPROVADO,2018.1,05A
690,20170139501,REPROVADO,2018.1,05A
691,20160146370,APROVADO POR NOTA,2018.1,05A
692,20170038492,APROVADO,2018.1,05A
693,20170183330,APROVADO,2018.1,05A
694,20170117685,APROVADO POR NOTA,2018.1,05A
695,20170139000,REPROVADO,2018.1,05A
696,20170031230,APROVADO POR NOTA,2018.1,05A
697,20170045414,REPROVADO,2018.1,05A
698,20170036273,APROVADO,2018.1,05A
699,20170139548,APROVADO POR NOTA,2018.1,05A
700,20160142942,APROVADO POR NOTA,2018.1,05A
701,20170138943,REPROVADO,2018.1,05A
702,20170115644,REPROVADO,2018.1,05A
703,20170037379,REPROVADO,2018.1,05A
704,20170138907,APROVADO POR NOTA,2018.1,05A
705,20170139539,APROVADO,2018.1,05A
706,20170116463,REPROVADO,2018.1,05A
707,20170114520,APROVADO,2018.1,05A
708,20170115869,REPROVADO,2018.1,05A
709,20170116060,REPROVADO,2018.1,05A
710,20170139207,APROVADO POR NOTA,2018.1,05A
711,20170118655,APROVADO POR NOTA,2018.1,05A
712,20170042190,APROVADO,2018.1,05A
713,20170138934,APROVADO POR NOTA,2018.1,05A
714,20170036550,APROVADO POR NOTA,2018.1,05A
715,20170139216,APROVADO,2018.1,05A
716,20170139495,REPROVADO,2018.1,05A
717,20170116900,REPROVADO,2018.1,05A
718,20170139243,REPROVADO,2018.1,05A
719,20160143663,REPROVADO,2018.1,05A
720,20170036999,REPROVADO,2018.1,05A
721,20170114941,APROVADO,2018.1,01C
722,20170118341,REPROVADO,2018.1,01C
723,20170183072,APROVADO,2018.1,01C
724,20170147316,APROVADO POR NOTA,2018.1,01C
725,20170097896,APROVADO,2018.1,01C
726,20170033370,APROVADO,2018.1,01C
727,20170034958,REPROVADO,2018.1,01C
728,20160141847,APROVADO POR NOTA,2018.1,01C
729,20160002781,REPROVADO,2018.1,01C
730,20170138068,REPROVADO,2018.1,01C
731,20170116187,REPROVADO,2018.1,01C
732,20170138504,APROVADO POR NOTA,2018.1,01C
733,2016015017,APROVADO,2018.1,01C
734,20170032318,APROVADO POR NOTA,2018.1,01C
735,20170117308,REPROVADO,2018.1,01C
736,20170116409,APROVADO,2018.1,01C
737,20170117068,APROVADO POR NOTA,2018.1,01C
738,20170116884,APROVADO POR NOTA,2018.1,01C
739,20170117148,APROVADO POR NOTA,2018.1,01C
740,20170030897,APROVADO,2018.1,01C
741,20170118029,REPROVADO,2018.1,01C
742,20170137801,APROVADO POR NOTA,2018.1,01C
743,20170132467,REPROVADO,2018.1,01C
744,20170115902,APROVADO POR NOTA,2018.1,01C
745,20170100211,REPROVADO POR MÉDIA E POR FALTAS,2018.1,03D
746,20170138308,REPROVADO POR MÉDIA E POR FALTAS,2018.1,03D
747,20170137795,REPROVADO,2018.1,03D
748,20170039551,REPROVADO,2018.1,03D
749,20170095013,APROVADO POR NOTA,2018.1,03D
750,20170036756,APROVADO,2018.1,03D
751,20170044417,APROVADO,2018.1,03D
752,2016098708,APROVADO,2018.1,03D
753,2016090620,REPROVADO,2018.1,03D
754,20170117980,REPROVADO POR MÉDIA E POR FALTAS,2018.1,03D
755,20170149731,APROVADO,2018.1,03B
756,2014089272,REPROVADO POR MÉDIA E POR FALTAS,2018.1,03B
757,20170114880,APROVADO POR NOTA,2018.1,03B
758,20170032390,APROVADO,2018.1,03B
759,20170139145,REPROVADO,2018.1,03B
760,20170098454,APROVADO,2018.1,03B
761,20160146208,REPROVADO POR MÉDIA E POR FALTAS,2018.1,03B
762,2016016391,REPROVADO POR MÉDIA E POR FALTAS,2018.1,03B
763,20170032819,REPROVADO,2018.1,03B
764,20170138291,REPROVADO,2018.1,03B
765,20170032891,APROVADO,2018.1,03B
766,20170116801,APROVADO,2018.1,03B
767,20170038590,APROVADO,2018.1,03B
768,20170118619,REPROVADO POR MÉDIA E POR FALTAS,2018.1,03B
769,20160106580,APROVADO POR NOTA,2018.1,03B
770,20170116300,REPROVADO POR NOTA,2018.1,03B
771,20170040839,REPROVADO,2018.1,02A
772,20170043296,APROVADO POR NOTA,2018.1,02A
773,20170038957,REPROVADO,2018.1,02A
774,20170039678,APROVADO,2018.1,02A
775,20170116641,APROVADO,2018.1,02A
776,20170032210,APROVADO POR NOTA,2018.1,02A
777,20170135057,REPROVADO POR MÉDIA E POR FALTAS,2018.1,02A
778,20180007785,APROVADO,2018.1,02A
779,20160130880,APROVADO,2018.1,02A
780,20170042056,REPROVADO,2018.1,02A
781,2016094923,REPROVADO,2018.1,01D
782,20170147414,REPROVADO,2018.1,01D
783,20170183036,REPROVADO,2018.1,01D
784,20170040534,APROVADO POR NOTA,2018.1,01D
785,20170149535,APROVADO,2018.1,01D
786,20170147512,REPROVADO,2018.1,01D
787,20160141749,APROVADO POR NOTA,2018.1,01D
788,20170147272,APROVADO,2018.1,01D
789,20170147352,APROVADO POR NOTA,2018.1,01D
790,20170040276,REPROVADO POR MÉDIA E POR FALTAS,2018.1,01D
791,20170183199,APROVADO POR NOTA,2018.1,01D
792,20170037010,REPROVADO,2018.1,01D
793,2014074420,REPROVADO POR MÉDIA E POR FALTAS,2018.1,01D
794,20170117489,APROVADO POR NOTA,2018.1,01D
795,20170042790,REPROVADO POR MÉDIA E POR FALTAS,2018.1,01D
796,20170033834,APROVADO,2018.1,01D
797,20170137928,APROVADO POR NOTA,2018.1,01D
798,20170042753,APROVADO POR NOTA,2018.1,01D
799,20170118083,APROVADO,2018.1,01D
800,20170039014,APROVADO POR NOTA,2018.1,01D
801,20170034377,APROVADO,2018.1,01D
802,20170115742,REPROVADO POR MÉDIA E POR FALTAS,2018.1,01D
803,2014096080,REPROVADO,2018.1,04D
804,2015095695,REPROVADO,2018.1,04D
805,20170139270,REPROVADO POR NOTA,2018.1,04D
806,20170037691,APROVADO POR NOTA,2018.1,04D
807,20170116006,APROVADO,2018.1,04D
808,20170044533,REPROVADO,2018.1,04D
809,2015095416,REPROVADO,2018.1,04D
810,20170031910,APROVADO,2018.1,04D
811,20160143260,REPROVADO,2018.1,04D
812,20170147370,REPROVADO,2018.1,04D
813,20170035015,REPROVADO,2018.1,04D
814,2016012810,APROVADO,2018.1,04D
815,20170117460,APROVADO,2018.1,04D
816,20170116580,REPROVADO,2018.1,04D
817,20170139566,REPROVADO,2018.1,04D
818,20170118109,REPROVADO,2018.1,04A
819,20160106866,APROVADO POR NOTA,2018.1,04A
820,20150127110,APROVADO POR NOTA,2018.1,04A
821,20170116820,APROVADO POR NOTA,2018.1,04A
822,20150139550,APROVADO POR NOTA,2018.1,04A
823,20160107783,APROVADO POR NOTA,2018.1,04A
824,2016019259,REPROVADO,2018.1,04A
825,20170032677,APROVADO,2018.1,04A
826,20160142085,APROVADO POR NOTA,2018.1,04A
827,20160132220,REPROVADO,2018.1,04A
828,20170044210,APROVADO POR NOTA,2018.1,04A
829,20170147441,APROVADO POR NOTA,2018.1,04A
830,20170138774,APROVADO,2018.1,04A
831,2015007932,APROVADO POR NOTA,2018.1,04A
832,20170183241,REPROVADO,2018.1,04A
833,20170138219,REPROVADO,2018.1,04A
834,20170138273,REPROVADO,2018.1,04A
835,20170139575,APROVADO POR NOTA,2018.1,04A
836,20170117120,APROVADO,2018.1,04A
837,20170115724,REPROVADO,2018.1,04A
838,20170138952,APROVADO POR NOTA,2018.1,04A
839,20170115241,APROVADO,2018.1,04A
840,20170139083,REPROVADO,2018.1,04A
841,20160141990,REPROVADO,2018.1,04A
842,20170133277,REPROVADO,2018.1,04A
843,20170115804,APROVADO,2018.1,04A
844,2016016355,REPROVADO,2018.1,04A
845,20170034573,APROVADO,2018.1,04A
846,20170138059,APROVADO,2018.1,04A
847,20160108842,REPROVADO,2018.1,04A
848,20170115448,APROVADO,2018.1,04A
849,20170183143,REPROVADO POR MÉDIA E POR FALTAS,2018.1,03C
850,2016091369,APROVADO,2018.1,03C
851,20170031197,REPROVADO POR NOTA,2018.1,03C
852,20170031114,APROVADO,2018.1,03C
853,20170044650,APROVADO,2018.1,03C
854,20170114665,APROVADO POR NOTA,2018.1,03C
855,20170183288,APROVADO POR NOTA,2018.1,03C
856,20170114647,APROVADO,2018.1,03C
857,20160143814,REPROVADO POR MÉDIA E POR FALTAS,2018.1,03C
858,20170137866,APROVADO,2018.1,03C
859,20170138255,REPROVADO,2018.1,03C
860,20180030676,APROVADO,2018.2,05D
861,2016016391,REPROVADO,2018.2,05D
862,20170033413,APROVADO POR NOTA,2018.2,05D
863,2016092007,APROVADO,2018.2,05D
864,20160106946,APROVADO POR NOTA,2018.2,05D
865,20180033050,APROVADO POR NOTA,2018.2,05D
866,20170117649,APROVADO,2018.2,05D
867,20170033914,REPROVADO,2018.2,05D
868,20170139252,REPROVADO,2018.2,05D
869,20180033210,APROVADO POR NOTA,2018.2,05D
870,20160158530,APROVADO POR NOTA,2018.2,05D
871,20150127325,REPROVADO,2018.2,05D
872,20170032819,APROVADO POR NOTA,2018.2,05D
873,20170139510,REPROVADO,2018.2,05D
874,20170118225,APROVADO POR NOTA,2018.2,05D
875,2016053635,APROVADO,2018.2,05D
876,20180036615,REPROVADO,2018.2,05D
877,20160107424,APROVADO,2018.2,05D
878,20180033391,APROVADO POR NOTA,2018.2,03A
879,20180040055,APROVADO,2018.2,03A
880,20180039410,APROVADO,2018.2,03A
881,20180039617,APROVADO,2018.2,03A
882,20180035494,APROVADO POR NOTA,2018.2,03A
883,20180032877,APROVADO,2018.2,03A
884,20180041811,APROVADO,2018.2,03A
885,20180030059,APROVADO,2018.2,03A
886,20180032518,APROVADO,2018.2,03A
887,20180029933,APROVADO,2018.2,03A
888,20180034030,APROVADO,2018.2,03A
889,20180040995,APROVADO,2018.2,03A
890,20180039911,APROVADO,2018.2,03A
891,20180042176,APROVADO,2018.2,03A
892,20180030193,APROVADO,2018.2,03A
893,20180032554,APROVADO,2018.2,03A
894,20180033337,APROVADO POR NOTA,2018.2,03A
895,20180035411,APROVADO,2018.2,03A
896,20180030498,APROVADO,2018.2,03A
897,20180032714,APROVADO,2018.2,03A
898,20180043253,APROVADO,2018.2,03A
899,20180031637,APROVADO,2018.2,03A
900,20180030658,APROVADO,2018.2,03A
901,20180030836,APROVADO,2018.2,03A
902,20180110688,APROVADO POR NOTA,2018.2,03A
903,20180041651,APROVADO POR NOTA,2018.2,03A
904,20180088630,APROVADO POR NOTA,2018.2,03A
905,20180037336,APROVADO,2018.2,03A
906,20180036535,APROVADO POR NOTA,2018.2,03A
907,20160143313,REPROVADO,2018.2,04B
908,20170118109,REPROVADO,2018.2,04B
909,20170147380,APROVADO POR NOTA,2018.2,04B
910,20170118501,REPROVADO,2018.2,04B
911,20170100211,REPROVADO,2018.2,04B
912,20170135057,REPROVADO,2018.2,04B
913,20180030390,APROVADO,2018.2,04B
914,20170036916,APROVADO POR NOTA,2018.2,04B
915,20180044090,REPROVADO,2018.2,04B
916,20160146413,APROVADO POR NOTA,2018.2,04B
917,20170147307,REPROVADO,2018.2,04B
918,20170138531,APROVADO,2018.2,04B
919,20160143663,REPROVADO,2018.2,04B
920,20180032330,APROVADO POR NOTA,2018.2,04B
921,20170043699,APROVADO POR NOTA,2018.2,04B
922,20180031038,APROVADO POR NOTA,2018.2,04B
923,20170030814,APROVADO,2018.2,04B
924,2014096947,APROVADO POR NOTA,2018.2,04B
925,20170138120,APROVADO POR NOTA,2018.2,04B
926,20170116060,APROVADO,2018.2,04B
927,20170116463,APROVADO,2018.2,04B
928,20170183368,REPROVADO,2018.2,04B
929,20180036259,APROVADO,2018.2,04B
930,20160143690,APROVADO POR NOTA,2018.2,04B
931,20170037539,APROVADO,2018.2,04B
932,20180033257,APROVADO,2018.2,04B
933,20170103732,REPROVADO,2018.2,04B
934,20180040690,APROVADO POR NOTA,2018.2,04B
935,20170138630,APROVADO POR NOTA,2018.2,03D
936,20160142290,APROVADO POR NOTA,2018.2,03D
937,20180030335,REPROVADO,2018.2,03D
938,20170138442,REPROVADO,2018.2,03D
939,20170115869,APROVADO,2018.2,03D
940,20180036212,APROVADO,2018.2,03D
941,20160107120,APROVADO POR NOTA,2018.2,03D
942,20180039733,REPROVADO,2018.2,03D
943,20180040135,APROVADO,2018.2,03D
944,20160107881,APROVADO,2018.2,03D
945,2015010295,REPROVADO,2018.2,03D
946,2015092890,REPROVADO POR MÉDIA E POR FALTAS,2018.2,03D
947,20180039134,APROVADO,2018.2,03D
948,20180107065,REPROVADO,2018.2,03D
949,20180109542,REPROVADO,2018.2,03D
950,20180039958,APROVADO,2018.2,03D
951,20160143627,APROVADO,2018.2,03D
952,2015018515,REPROVADO POR MÉDIA E POR FALTAS,2018.2,03D
953,20170043456,APROVADO,2018.2,02C
954,20180031950,APROVADO POR NOTA,2018.2,02C
955,20170036157,APROVADO POR NOTA,2018.2,02C
956,20180032812,APROVADO POR NOTA,2018.2,02C
957,20180042597,REPROVADO,2018.2,02C
958,20170117308,REPROVADO,2018.2,02C
959,20180089350,APROVADO POR NOTA,2018.2,02C
960,20180038137,APROVADO POR NOTA,2018.2,02C
961,20180089771,APROVADO,2018.2,02C
962,20180031575,APROVADO POR NOTA,2018.2,02C
963,20170035552,APROVADO,2018.2,02C
964,20180032358,APROVADO POR NOTA,2018.2,02C
965,20180035430,REPROVADO,2018.2,02C
966,20180041375,APROVADO,2018.2,02C
967,20180032895,REPROVADO,2018.2,02C
968,20180029890,REPROVADO,2018.2,02C
969,20180039537,APROVADO,2018.2,02C
970,20180108142,REPROVADO,2018.2,02C
971,20180040538,APROVADO,2018.2,02C
972,20180035135,APROVADO POR NOTA,2018.2,04C
973,20160142773,REPROVADO,2018.2,04C
974,20180034334,REPROVADO,2018.2,04C
975,20170146892,APROVADO POR NOTA,2018.2,04C
976,20170139501,APROVADO POR NOTA,2018.2,04C
977,20170042790,APROVADO,2018.2,04C
978,20180041310,REPROVADO,2018.2,04C
979,20180039232,APROVADO POR NOTA,2018.2,04C
980,20170147370,REPROVADO,2018.2,04C
981,20170117587,APROVADO,2018.2,04C
982,20180039279,APROVADO,2018.2,04C
983,20160146208,REPROVADO,2018.2,04C
984,20160158405,APROVADO POR NOTA,2018.2,04C
985,20180044134,APROVADO POR NOTA,2018.2,04C
986,20170100857,REPROVADO,2018.2,04C
987,20170139190,APROVADO POR NOTA,2018.2,04C
988,20170139332,APROVADO POR NOTA,2018.2,04C
989,20170035570,REPROVADO,2018.2,04C
990,20160143770,APROVADO POR NOTA,2018.2,04C
991,2015092915,APROVADO,2018.2,04C
992,20170133698,APROVADO POR NOTA,2018.2,04C
993,20180032213,APROVADO,2018.2,04C
994,20180043010,APROVADO,2018.2,01C
995,20180034639,REPROVADO,2018.2,01C
996,20180030139,REPROVADO,2018.2,01C
997,20180032250,REPROVADO,2018.2,01C
998,20180031477,APROVADO,2018.2,01C
999,20180032536,APROVADO POR NOTA,2018.2,01C
1000,20180034970,REPROVADO POR MÉDIA E POR FALTAS,2018.2,01C
1001,20170139163,REPROVADO POR MÉDIA E POR FALTAS,2018.2,01C
1002,20180031691,REPROVADO,2018.2,01C
1003,20180042677,APROVADO,2018.2,01C
1004,20180037793,REPROVADO,2018.2,05A
1005,20180034432,APROVADO,2018.2,05A
1006,20180127881,APROVADO,2018.2,05A
1007,20180039976,APROVADO POR NOTA,2018.2,05A
1008,20180037256,APROVADO POR NOTA,2018.2,05A
1009,20180001502,APROVADO,2018.2,05A
1010,20180040215,REPROVADO,2018.2,05A
1011,20180037354,APROVADO POR NOTA,2018.2,05A
1012,20180038610,APROVADO,2018.2,05A
1013,20180042630,APROVADO,2018.2,05A
1014,20180036230,REPROVADO,2018.2,05A
1015,20180038478,APROVADO,2018.2,05A
1016,20180039850,APROVADO POR NOTA,2018.2,05A
1017,20180039072,REPROVADO,2018.2,05A
1018,20180032438,APROVADO,2018.2,05A
1019,20180037532,REPROVADO,2018.2,05A
1020,20180040251,APROVADO POR NOTA,2018.2,05A
1021,20170138943,APROVADO POR NOTA,2018.2,05A
1022,20180035251,REPROVADO,2018.2,05A
1023,20180092991,APROVADO,2018.2,05A
1024,20170116900,APROVADO POR NOTA,2018.2,05A
1025,20180110024,REPROVADO,2018.2,05A
1026,20180042659,REPROVADO,2018.2,05A
1027,20180107421,REPROVADO,2018.2,05A
1028,20180042078,APROVADO POR NOTA,2018.2,05A
1029,20180040716,REPROVADO,2018.2,05A
1030,20180040912,REPROVADO,2018.2,05A
1031,20180038754,REPROVADO,2018.2,05A
1032,20180107280,REPROVADO,2018.2,05A
1033,20180032939,REPROVADO,2018.2,05A
1034,2016022218,REPROVADO,2018.2,04A
1035,20170045414,APROVADO POR NOTA,2018.2,04A
1036,20160132220,REPROVADO,2018.2,04A
1037,20180030095,APROVADO,2018.2,04A
1038,20170115223,REPROVADO,2018.2,04A
1039,20180035019,APROVADO,2018.2,04A
1040,20180036633,APROVADO,2018.2,04A
1041,20180030630,APROVADO,2018.2,04A
1042,20170115500,REPROVADO,2018.2,04A
1043,20170138961,APROVADO POR NOTA,2018.2,04A
1044,20180043450,APROVADO,2018.2,04A
1045,20170138792,REPROVADO,2018.2,04A
1046,20170139065,REPROVADO,2018.2,04A
1047,20170139243,APROVADO POR NOTA,2018.2,04A
1048,20180030175,APROVADO,2018.2,04A
1049,20170138783,REPROVADO,2018.2,04A
1050,20170039391,APROVADO,2018.2,04A
1051,20170139083,APROVADO,2018.2,04A
1052,20180034316,APROVADO,2018.2,04A
1053,20180040799,APROVADO,2018.2,04A
1054,20170115143,REPROVADO,2018.2,04A
1055,20180031978,APROVADO,2018.2,04A
1056,20180037130,APROVADO,2018.2,04A
1057,20170118619,REPROVADO,2018.2,04A
1058,20170036999,APROVADO POR NOTA,2018.2,04A
1059,20160108501,APROVADO POR NOTA,2018.2,04A
1060,20180092051,APROVADO,2018.2,04A
1061,20180042194,APROVADO,2018.2,04A
1062,20170147460,REPROVADO POR MÉDIA E POR FALTAS,2018.2,04A
1063,20180038790,APROVADO,2018.2,03B
1064,20180038932,APROVADO POR NOTA,2018.2,03B
1065,20180037597,APROVADO,2018.2,03B
1066,20180089575,REPROVADO,2018.2,03B
1067,20180039312,APROVADO,2018.2,03B
1068,20180036571,REPROVADO POR NOTA,2018.2,03B
1069,20180037434,REPROVADO,2018.2,03B
1070,20180034497,REPROVADO,2018.2,03B
1071,20170116928,REPROVADO,2018.2,03B
1072,20160142497,APROVADO,2018.2,03B
1073,20180034290,APROVADO,2018.2,03B
1074,20170147405,REPROVADO POR NOTA,2018.2,03B
1075,20180087650,REPROVADO,2018.2,03B
1076,20180039395,APROVADO,2018.2,03B
1077,20180038173,APROVADO,2018.2,03B
1078,20180036070,APROVADO,2018.2,03B
1079,20180035476,APROVADO,2018.2,03B
1080,20180031056,APROVADO,2018.2,03B
1081,20180043155,APROVADO,2018.2,03B
1082,20170030995,REPROVADO,2018.2,03B
1083,20150140158,APROVADO POR NOTA,2018.2,03B
1084,20170138291,APROVADO,2018.2,03B
1085,20170044810,APROVADO POR NOTA,2018.2,03B
1086,20180032474,APROVADO,2018.2,03B
1087,20170118243,REPROVADO POR MÉDIA E POR FALTAS,2018.2,03B
1088,20170138424,REPROVADO,2018.2,03B
1089,20170133811,REPROVADO,2018.2,03B
1090,20180043736,APROVADO,2018.2,01A
1091,20180035073,APROVADO,2018.2,01A
1092,20180107501,APROVADO,2018.2,01A
1093,20180030237,APROVADO POR NOTA,2018.2,01A
1094,20170115840,REPROVADO,2018.2,01A
1095,20180128029,REPROVADO,2018.2,01A
1096,20180032750,APROVADO POR NOTA,2018.2,01A
1097,20180037971,APROVADO,2018.2,01A
1098,20180106148,REPROVADO,2018.2,01A
1099,20180036811,APROVADO POR NOTA,2018.2,01A
1100,20180040458,APROVADO,2018.2,01A
1101,20180030451,APROVADO,2018.2,01A
1102,20180032376,APROVADO,2018.2,01A
1103,20180033838,APROVADO,2018.2,01A
1104,20180031252,REPROVADO,2018.2,01A
1105,20170116140,APROVADO,2018.2,01A
1106,20180038271,APROVADO,2018.2,01A
1107,20180031412,REPROVADO,2018.2,01A
1108,20180038816,APROVADO,2018.2,01A
1109,20170183232,REPROVADO POR MÉDIA E POR FALTAS,2018.2,01A
1110,20180033275,APROVADO,2018.2,01A
1111,20180128083,APROVADO,2018.2,02A
1112,20180033239,APROVADO,2018.2,02A
1113,20180029835,APROVADO,2018.2,02A
1114,20170118421,APROVADO,2018.2,02A
1115,20180030774,APROVADO,2018.2,02A
1116,20180032492,APROVADO POR NOTA,2018.2,02A
1117,20170037350,APROVADO,2018.2,02A
1118,20180105623,APROVADO,2018.2,02A
1119,20170118047,APROVADO POR NOTA,2018.2,02A
1120,20170115582,APROVADO POR NOTA,2018.2,02A
1121,20180030999,APROVADO,2018.2,02A
1122,20170037056,APROVADO,2018.2,02A
1123,20170032336,REPROVADO,2018.2,02A
1124,20170031197,APROVADO POR NOTA,2018.2,02A
1125,20180031270,APROVADO,2018.2,02A
1126,20170138139,APROVADO,2018.2,02A
1127,20170183297,REPROVADO,2018.2,02A
1128,20180002288,APROVADO POR NOTA,2018.2,02A
1129,20170116187,APROVADO,2018.2,02A
1130,20180033417,APROVADO,2018.2,02A
1131,20180129026,REPROVADO,2018.2,02A
1132,20180033776,REPROVADO,2018.2,02A
1133,20180032993,APROVADO POR NOTA,2018.2,02A
1134,20170033558,REPROVADO,2018.2,02A
1135,20180129287,REPROVADO,2018.2,02A
1136,20180040091,REPROVADO,2018.2,02A
1137,20180109364,APROVADO,2018.2,02A
1138,20170041433,APROVADO,2018.2,04D
1139,20170138700,APROVADO POR NOTA,2018.2,04D
1140,20160143171,APROVADO,2018.2,04D
1141,20180037194,REPROVADO,2018.2,04D
1142,2015093654,APROVADO POR NOTA,2018.2,04D
1143,20160143449,REPROVADO POR NOTA,2018.2,04D
1144,20180032670,APROVADO,2018.2,04D
1145,20180092276,REPROVADO,2018.2,04D
1146,20170116580,APROVADO,2018.2,04D
1147,20170115644,APROVADO,2018.2,04D
1148,20170032917,REPROVADO,2018.2,04D
1149,20170139270,APROVADO POR NOTA,2018.2,04D
1150,20170040759,APROVADO POR NOTA,2018.2,04D
1151,20180043558,APROVADO,2018.2,04D
1152,20180037416,APROVADO POR NOTA,2018.2,04D
1153,20160146342,APROVADO POR NOTA,2018.2,04D
1154,20170137688,REPROVADO,2018.2,04D
1155,20180041455,REPROVADO,2018.2,04D
1156,20160108486,APROVADO POR NOTA,2018.2,04D
1157,20170041550,REPROVADO,2018.2,04D
1158,20160143260,APROVADO POR NOTA,2018.2,04D
1159,2016014735,REPROVADO,2018.2,04D
1160,20170147488,APROVADO POR NOTA,2018.2,04D
1161,2014096052,APROVADO POR NOTA,2018.2,04D
1162,20160143823,APROVADO POR NOTA,2018.2,04D
1163,20170139495,APROVADO POR NOTA,2018.2,04D
1164,2016093120,APROVADO POR NOTA,2018.2,04D
1165,20180030738,APROVADO,2018.2,02B
1166,20170033075,APROVADO,2018.2,02B
1167,20180030952,APROVADO,2018.2,02B
1168,20170183063,APROVADO,2018.2,02B
1169,20180030854,APROVADO POR NOTA,2018.2,02B
1170,20180030470,APROVADO,2018.2,02B
1171,20170138451,APROVADO POR NOTA,2018.2,02B
1172,20170147399,APROVADO POR NOTA,2018.2,02B
1173,20180036150,REPROVADO,2018.2,02B
1174,20160107148,APROVADO POR NOTA,2018.2,02B
1175,20170042495,APROVADO POR NOTA,2018.2,02B
1176,20180031154,APROVADO,2018.2,02B
1177,20180030513,APROVADO,2018.2,02B
1178,20180030012,APROVADO,2018.2,02B
1179,20170133651,REPROVADO,2018.2,02B
1180,20170043231,APROVADO POR NOTA,2018.2,02B
1181,20180035458,APROVADO,2018.2,02B
1182,20160002781,APROVADO POR NOTA,2018.2,02B
1183,20180030756,APROVADO,2018.2,02B
1184,20170139557,APROVADO POR NOTA,2018.2,02B
1185,20180034737,APROVADO,2018.2,02B
1186,20180035770,APROVADO POR NOTA,2018.2,02B
1187,20180108527,REPROVADO,2018.2,02B
1188,20170039551,APROVADO POR NOTA,2018.2,02B
1189,20180148442,APROVADO,2018.2,02B
1190,20170034958,APROVADO POR NOTA,2018.2,02B
1191,20170139440,REPROVADO,2018.2,02B
1192,20150126776,APROVADO POR NOTA,2018.2,02D
1193,20180088175,REPROVADO,2018.2,02D
1194,20180031350,REPROVADO,2018.2,02D
1195,20170116445,APROVADO POR NOTA,2018.2,02D
1196,20170036059,REPROVADO,2018.2,02D
1197,20180038413,REPROVADO,2018.2,02D
1198,20170183279,REPROVADO,2018.2,02D
1199,20170132467,APROVADO POR NOTA,2018.2,02D
1200,20180035832,APROVADO POR NOTA,2018.2,02D
1201,20170042056,REPROVADO,2018.2,02D
1202,20170034493,APROVADO,2018.2,02D
1203,20170033173,REPROVADO,2018.2,02D
1204,20180036830,APROVADO,2018.2,02D
1205,20160143832,APROVADO POR NOTA,2018.2,02D
1206,20180033613,APROVADO POR NOTA,2018.2,02D
1207,20180040190,REPROVADO,2018.2,02D
1208,20170030592,REPROVADO,2018.2,02D
1209,20180134821,APROVADO POR NOTA,2018.2,02D
1210,20180037372,APROVADO,2018.2,01D
1211,20180034450,APROVADO POR NOTA,2018.2,01D
1212,20180035897,APROVADO,2018.2,01D
1213,20180089397,REPROVADO POR MÉDIA E POR FALTAS,2018.2,01D
1214,20180107566,APROVADO,2018.2,01D
1215,20180094913,APROVADO POR NOTA,2018.2,01D
1216,20170137991,REPROVADO,2018.2,01D
1217,20180029853,APROVADO,2018.2,01D
1218,20180109847,REPROVADO POR MÉDIA E POR FALTAS,2018.2,01D
1219,20180109560,APROVADO POR NOTA,2018.2,01D
1220,20180106685,APROVADO POR NOTA,2018.2,01D
1221,20180032732,APROVADO POR NOTA,2018.2,01D
1222,20150127700,REPROVADO POR MÉDIA E POR FALTAS,2018.2,01D
1223,20180034595,REPROVADO,2018.2,01D
1224,20170184679,APROVADO POR NOTA,2018.2,01D
1225,20180035654,APROVADO POR NOTA,2018.2,03C
1226,20160143369,REPROVADO POR NOTA,2018.2,03C
1227,20170114960,APROVADO POR NOTA,2018.2,03C
1228,20180031790,APROVADO,2018.2,03C
1229,20180032590,APROVADO,2018.2,03C
1230,20170102234,REPROVADO,2018.2,03C
1231,20180041876,APROVADO,2018.2,03C
1232,20180029773,APROVADO,2018.2,03C
1233,20180030970,APROVADO,2018.2,03C
1234,20170138550,REPROVADO,2018.2,03C
1235,20170148242,REPROVADO,2018.2,03C
1236,20170039319,APROVADO POR NOTA,2018.2,03C
1237,20180031332,REPROVADO,2018.2,03C
1238,20180031010,APROVADO,2018.2,03C
1239,20180031430,APROVADO POR NOTA,2018.2,03C
1240,20180036455,APROVADO,2018.2,03C
1241,20180036310,APROVADO POR NOTA,2018.2,03C
1242,20180042819,APROVADO,2018.2,03C
1243,2016020670,APROVADO,2018.2,03C
1244,20180039555,APROVADO POR NOTA,2018.2,03C
1245,20180031753,APROVADO POR NOTA,2018.2,03C
1246,20170033692,REPROVADO,2018.2,03C
1247,20180030317,APROVADO POR NOTA,2018.2,03C
1248,20170118520,REPROVADO POR MÉDIA E POR FALTAS,2018.2,03C
1249,20180089252,APROVADO,2018.2,03C
1250,20170031212,REPROVADO,2018.2,03C
1251,20170137955,REPROVADO,2018.2,03C
1252,20180029817,REPROVADO,2018.2,03C
1253,2014074538,REPROVADO,2018.2,05B
1254,20170117442,APROVADO POR NOTA,2018.2,05B
1255,20170043714,REPROVADO,2018.2,05B
1256,20160143841,REPROVADO,2018.2,05B
1257,20180131202,APROVADO POR NOTA,2018.2,05B
1258,20160158521,REPROVADO POR NOTA,2018.2,05B
1259,20180038315,APROVADO,2018.2,05B
1260,20170148260,APROVADO POR NOTA,2018.2,05B
1261,20180135785,REPROVADO,2018.2,05B
1262,20170137982,REPROVADO POR NOTA,2018.2,05B
1263,20180032053,APROVADO,2018.2,05B
1264,20160147724,REPROVADO,2018.2,05B
1265,20170115920,APROVADO POR NOTA,2018.2,05B
1266,20170118341,APROVADO,2018.2,05B
1267,20170039711,REPROVADO,2018.2,05B
1268,20170139000,APROVADO POR NOTA,2018.2,05B
1269,20170118440,REPROVADO,2018.2,05B
1270,20180043674,APROVADO,2018.2,05B
1271,20170138273,APROVADO POR NOTA,2018.2,05B
1272,20170147281,REPROVADO,2018.2,05B
1273,20170039758,APROVADO,2018.2,05B
1274,20170183410,REPROVADO,2018.2,05B
1275,20170115724,REPROVADO,2018.2,05B
1276,2016099465,REPROVADO,2018.2,05B
1277,2015095390,REPROVADO,2018.2,05B
1278,20170138353,REPROVADO,2018.2,05B
1279,20170033638,APROVADO,2018.2,05B
1280,20170138371,APROVADO POR NOTA,2018.2,05B
1281,2016016355,REPROVADO,2018.2,05B
1282,20160142521,REPROVADO,2018.2,05B
1283,20180035190,APROVADO POR NOTA,2018.2,05C
1284,20180032699,APROVADO POR NOTA,2018.2,05C
1285,20170040516,APROVADO POR NOTA,2018.2,05C
1286,20180037210,REPROVADO,2018.2,05C
1287,20160124980,REPROVADO,2018.2,05C
1288,20170033979,APROVADO,2018.2,05C
1289,20180034174,REPROVADO,2018.2,05C
1290,20170117845,APROVADO,2018.2,05C
1291,20180032394,APROVADO,2018.2,05C
1292,20170139181,APROVADO,2018.2,05C
1293,20180032311,APROVADO,2018.2,05C
1294,20180042891,APROVADO,2018.2,05C
1295,20170042950,APROVADO POR NOTA,2018.2,05C
1296,20180109005,APROVADO,2018.2,05C
1297,20180109829,APROVADO,2018.2,05C
1298,20180135838,APROVADO,2018.2,05C
1299,20180092374,APROVADO,2018.2,05C
1300,2016013291,APROVADO POR NOTA,2018.2,05C
1301,20170183027,REPROVADO,2018.2,05C
1302,20180115165,APROVADO POR NOTA,2018.2,05C
1303,20180033856,REPROVADO,2018.2,05C
1304,20180039896,APROVADO POR NOTA,2018.2,05C
1305,20170037190,REPROVADO,2018.2,05C
1306,20170030510,REPROVADO,2018.2,05C
1307,20180043137,REPROVADO,2018.2,05C
1308,20180036052,APROVADO,2018.2,05C
1309,20180108966,APROVADO POR NOTA,2018.2,05C
1310,20170043151,REPROVADO,2018.2,05C
1311,20180039591,REPROVADO,2018.2,05C
1312,20160158325,REPROVADO POR MÉDIA E POR FALTAS,2018.2,05C
1313,20180037292,APROVADO,2018.2,01B
1314,20180043093,APROVADO POR NOTA,2018.2,01B
1315,20170138264,REPROVADO,2018.2,01B
1316,20180038039,APROVADO,2018.2,01B
1317,20180034138,APROVADO POR NOTA,2018.2,01B
1318,20180036277,APROVADO,2018.2,01B
1319,20180031510,APROVADO POR NOTA,2018.2,01B
1320,2016013193,REPROVADO POR MÉDIA E POR FALTAS,2018.2,01B
